nom,description,lien,image
12 Midnight,,https://www.youtube.com/watch?v=Bi2VT1ANg0k,
A day,,https://www.youtube.com/watch?v=BUQ3znHFZcU,
A fairy tail of youth,,https://www.youtube.com/watch?v=hTOoe9gYgbk,
Adrenaline,,https://www.youtube.com/watch?v=vqkfEUqjl6Y,
All About You,,https://www.youtube.com/watch?v=x95Kc_Ry8kM,
Answer,,https://www.youtube.com/watch?v=yW7wZX3DUaY,
Answer (Ode To Joy),,https://www.youtube.com/watch?v=_Agjk5K6Nd8,
Arriba,,https://www.youtube.com/watch?v=_Pd5fZDV33M,
Ash,,https://www.youtube.com/watch?v=QPCvaiYTpB4,
AURORA,,https://www.youtube.com/watch?v=7wcM9Eq3UbI,
AUTOBAHN,,https://www.youtube.com/watch?v=YarRFud15qU,
BAD,,https://www.youtube.com/watch?v=-q_S27LbNKU,
Be alright,,https://www.youtube.com/watch?v=UceOc93YEXA,
Be my lover,,https://www.youtube.com/watch?v=ja8apllkBNc,
Be With You,,https://www.youtube.com/watch?v=uKkut0RbWIs,
Beginning of the End,,https://www.youtube.com/watch?v=tXq8sAurgPQ,
Better (Korean Version),,https://www.youtube.com/watch?v=eUloGWHblRs,
Birthday,,https://www.youtube.com/watch?v=H5AtTIXTbGg,
Blind,,https://www.youtube.com/watch?v=RddYA7D2UXg,
Blue Summer,,https://www.youtube.com/watch?v=iJum1EZ6zg0,
Body,,https://www.youtube.com/watch?v=2QXLW2AG1h4,
BOUNCY (K-HOT CHILLI PEPPERS),,https://www.youtube.com/watch?v=U0G5OA6ZH5w,
Bridge : The Edge of Reality,,https://www.youtube.com/watch?v=DRg3LFaQKnE,
Call me anytime,,https://www.youtube.com/watch?v=5X8Qn23FRMA,
Castle,,https://www.youtube.com/watch?v=doWVVntzWqM,
Celebrate,,https://www.youtube.com/watch?v=bPdk7T_csy4,
Choose,,https://www.youtube.com/watch?v=p119468NiY0,
Crazy Form,,https://www.youtube.com/watch?v=9t57C7NcjWo,
Creep,,https://www.youtube.com/watch?v=EZJ_bno6x4Y,
Crescendo,,https://www.youtube.com/watch?v=C6nthI1TuD4,
Crescent,,https://www.youtube.com/watch?v=lynpCBjYPrk,
Crescent Part.2,,https://www.youtube.com/watch?v=h7mCmsMP9UU,
Cyberpunk,,https://www.youtube.com/watch?v=JWKaccs2IAM,
Dancing Like Butterfly Wings,,https://www.youtube.com/watch?v=1JvnEkxuIOI,
Days,,https://www.youtube.com/watch?v=v0l4rfN1KmU,
Dazzling Light,,https://www.youtube.com/watch?v=qKQGS24O0uw,
Dear Diary : 2016.07.29,,https://www.youtube.com/watch?v=XHLtcKcWi1k,
DEEP DIVE,,https://www.youtube.com/watch?v=Zs2bVRlV9AY,
Deja Vu,,https://www.youtube.com/watch?v=nlnMDttgTbk,
Desire,,https://www.youtube.com/watch?v=bBpIH4OgeOo,
Diamond,,https://www.youtube.com/watch?v=SydH9fcSlYo,
Dinero,,https://www.youtube.com/watch?v=uD0yLUVtAvk,
DJANGO,,https://www.youtube.com/watch?v=_qdkNNXIFH4,
Don't Stop,,https://www.youtube.com/watch?v=EpbKgD2y48M,
Dreamers,,https://www.youtube.com/watch?v=6Gg49EhYx84,
Dreamy Day,,https://www.youtube.com/watch?v=-DscbD-vYgk,
DUNE,,https://www.youtube.com/watch?v=sGHeEM58Bjo,
Emergency,,https://www.youtube.com/watch?v=lD7QRNykbg8,
Empty Box,,https://www.youtube.com/watch?v=sC1aKU1Bqz8,
End of the Beginning,,https://www.youtube.com/watch?v=8uErrB0DpHk,
Enough,,https://www.youtube.com/watch?v=7fg1n7KCnJg,
Eternal Sunshine,,https://www.youtube.com/watch?v=WJgTnDAmJHc,
Everything (Jongho),,https://www.youtube.com/watch?v=WUxLwpewsos,
FACE,,https://www.youtube.com/watch?v=ShO-_A2aJ20,
Fallin',,https://www.youtube.com/watch?v=1uqlBqhIPh8,
Feeling Like I Do,,https://www.youtube.com/watch?v=eR4QGh1H1Gg,
FEVER,,https://www.youtube.com/watch?v=KfLFF_XuPlA,
FIN : WILL,,https://www.youtube.com/watch?v=MCG0DJLeEyo,
Fireworks (I'm The One),,https://www.youtube.com/watch?v=xtcVwuauVV0,
Forevermore,,https://www.youtube.com/watch?v=R9M2tQZlrcY,
From,,https://www.youtube.com/watch?v=aXNPPBlLDqI,
Ghost,,https://www.youtube.com/watch?v=qDpEcO1hlZE,
Golden Hour,,https://www.youtube.com/watch?v=upTemtt7h_0,
Good Lil Boy,,https://www.youtube.com/watch?v=Q6h1ucZC7VM,
Gravity,,https://www.youtube.com/watch?v=Fu-18RE90Mk,
Guerrilla,,https://www.youtube.com/watch?v=2HcVZm_4qAI,
"HALA HALA (Hearts Awakened, Live Alive)",,https://www.youtube.com/watch?v=QbjmVyP9RFg,
HALAZIA,,https://www.youtube.com/watch?v=SszP3hlQ55Y,
Horizon,,https://www.youtube.com/watch?v=FhNpnJ3idpE,
Hush-Hush,,https://www.youtube.com/watch?v=AbRBl922YJY,
Ice On My Teeth,,https://www.youtube.com/watch?v=5OflOlcHLb8,
If Without You,,https://www.youtube.com/watch?v=79qPlVpIEys,
ILLUSION,,https://www.youtube.com/watch?v=i_HzsHss94E,
In your fantasy,,https://www.youtube.com/watch?v=JOF2ZTqvzwY,
INCEPTION,,https://www.youtube.com/watch?v=2NArH91kHoQ,
Intro (Beyond : Zero),,https://www.youtube.com/watch?v=gpvziLy4DOw,
Intro : Long Journey,,https://www.youtube.com/watch?v=zaTisOaQyuQ,
Intro : Siren,,https://www.youtube.com/watch?v=gV9H5c3Volk,
"IT's You (Yeosang, San & Wooyoung)",,https://www.youtube.com/watch?v=I_QUZnmm-JY,
Legacy,,https://www.youtube.com/watch?v=4uGd7twhyGs,
Lemon Drop,,https://www.youtube.com/watch?v=H4H99b1CjPU,
Let's Get Together (Mimicus),,https://www.youtube.com/watch?v=rLeAY9d7gck,
Light,,https://www.youtube.com/watch?v=bGFc1jSIHKI,
Like That (Lookism),,https://www.youtube.com/watch?v=D3JspJ8IVcg,
Limitless,,https://www.youtube.com/watch?v=riuljwLo9Bk,
MAMACITA,,https://www.youtube.com/watch?v=RxbifXSRwrw,
Man on Fire,,https://www.youtube.com/watch?v=gqutH1gIFFs,
Masterpiece,,https://www.youtube.com/watch?v=Gon1wrj62-w,
MATZ (Hongjoong & Seonghwa),,https://www.youtube.com/watch?v=3PA5FG1NX9U,
Me Crazy (Sealook S2),,https://www.youtube.com/playlist?list=PLLScQn6wSeQvZj65ZPR9IPPqj1rMX5Wuq,
MIST,,https://www.youtube.com/watch?v=JPuYUUzMAcM,
My Way,,https://www.youtube.com/watch?v=10eQboMBaKk,
NASA,,https://www.youtube.com/watch?v=YiDWK3z9Gz0,
New World,,https://www.youtube.com/watch?v=9_xKGr2OPv0,
NO1,,https://www.youtube.com/watch?v=bwOrcc7voic,
NOT OKAY,,https://www.youtube.com/watch?v=oc_2sjQXa0Q,
Not Too Late,,https://www.youtube.com/watch?v=7kGtEcVsHyU,
Nova,,https://www.youtube.com/watch?v=LEw_Sto8hOc,
Now This House Ain't A Home,,https://www.youtube.com/watch?v=MpoJLjNgX9o,
On my way to you,,https://www.youtube.com/playlist?list=PLpfsk2llSJGn6ml6aVKl2zoIPS4a_gFUt,
On the Road,,https://www.youtube.com/watch?v=uYmTzfKmISQ,
One Day At A Time,,https://www.youtube.com/watch?v=AvuJkaLSSnw,
Outlaw,,https://www.youtube.com/watch?v=CR02j31BR04,
Outro (Blue Bird),,https://www.youtube.com/watch?v=TZR6UoC5-30,
Outro : Liberty,,https://www.youtube.com/watch?v=WKzQeRjLv3Y,
Outro : Long Journey,,https://www.youtube.com/watch?v=ufa1xwE92Tc,
Outro : Over The Horizon,,https://www.youtube.com/watch?v=s3w6nwhe28U,
Paradigm,,https://www.youtube.com/watch?v=fNJMOR6x-4s,
Perfect reason,,https://www.youtube.com/playlist?list=PLdia-XozoT0j6oQMA2AzNtn4ttmY7YEUp,
Pirate King,,https://www.youtube.com/watch?v=RqJ1rH9M5G0,
Precious,,https://www.youtube.com/watch?v=eJLp6XUsanI,
Precious (Overture),,https://www.youtube.com/watch?v=5prW4NnEBlw,
Promise,,https://www.youtube.com/watch?v=IgGcUQjYtxc,
PROPAGANDA,,https://www.youtube.com/watch?v=My7gjN7ez-k,
Roar,,https://www.youtube.com/watch?v=mdIT5Z4cLlY,
Rocky (boxers ver.),,https://www.youtube.com/watch?v=-1HI2yiZ8Lg,
Royal,,https://www.youtube.com/watch?v=CuyW0f4gZWg,
Sagittarius,,https://www.youtube.com/watch?v=khEVPPwB2ss,
Say My Name,,https://www.youtube.com/watch?v=nKU4OVH18mE,
Scene 1 : Value,,https://www.youtube.com/watch?v=6zlmJjmX3H8,
Sector 1,,https://www.youtube.com/watch?v=fx_7hPASwV0,
Selfish Waltz,,https://www.youtube.com/watch?v=nqqd_VLaVmg,
Shaboom,,https://www.youtube.com/watch?v=CLrRC_UqcpA,
Silver Light,,https://www.youtube.com/watch?v=rMx4Mdv46zY,
Siren,,https://www.youtube.com/watch?v=xDJ-vwzD5oo,
Skin,,https://www.youtube.com/watch?v=isVzwVsp3Kg,
Slide to me,,https://www.youtube.com/watch?v=nqM1aQXF0fI,
Snowflake,,https://www.youtube.com/watch?v=hdNCdlt1i0E,
Spotlight,,https://www.youtube.com/playlist?list=PLrYtmC4av4LI_4MO0PtvMLrMRgHlzV7PL,
Star 1117,,https://www.youtube.com/watch?v=OOEkD8pxYMg,
Stay,,https://www.youtube.com/watch?v=tHiiKK21nlc,
Still Here,,https://www.youtube.com/watch?v=8coCBHhOrA8,
Summer Taste,,https://www.youtube.com/watch?v=zCi4RgUHUEE,
Sunrise,,https://www.youtube.com/watch?v=t8B1JRnO7VY,
Take Me Home,,https://www.youtube.com/watch?v=uqgzjv8FM3c,
THANK U,,https://www.youtube.com/watch?v=WeH1-TBd3C4,
THANXX,,https://www.youtube.com/watch?v=K7LY9Ta0eiY,
The black cat nero,,https://www.youtube.com/watch?v=VBZA_15mGGU,
The King,,https://www.youtube.com/watch?v=sexGWoKpav0,
The Leaders,,https://www.youtube.com/watch?v=7vGGzN70KeA,
The Letter,,https://www.youtube.com/watch?v=m7KREJ2rKcM,
The Real (Heung Version),,https://www.youtube.com/watch?v=yxfCbV21ck8,
The Ring,,https://www.youtube.com/watch?v=tR31XX-BsAQ,
This World,,https://www.youtube.com/watch?v=FNj0IuM8a44,
Time Of Love,,https://www.youtube.com/watch?v=4EM1sG60oBw,
Tippy Toes,,https://www.youtube.com/watch?v=m_eiaI8Gygg,
To be your light,,https://www.youtube.com/watch?v=cnhSo9LIt1M,
TO THE BEAT,,https://www.youtube.com/watch?v=PnPw5CD1Mzo,
TOXIN,,https://www.youtube.com/watch?v=gPsKrKwo1m8,
Treasure,,https://www.youtube.com/watch?v=tLV83ndOwz4,
Tunnel,,https://www.youtube.com/watch?v=syfj4XFFRAU,
Turbulence,,https://www.youtube.com/watch?v=80WvAnsHOdM,
Twilight,,https://www.youtube.com/watch?v=t6MQo7Gusy8,
Untitled,,https://www.youtube.com/@ATEEZofficial/videos,
UTOPIA,,https://www.youtube.com/playlist?list=PLskOargWmhjh5RPLgbRDtlrhc_Cdsn0Jx,
Waiting For You (Last Summer),,https://www.youtube.com/watch?v=CIbMs90GQu0,
Wake Up,,https://www.youtube.com/watch?v=ZdmFxXMdQ7s,
Walker A,,https://www.youtube.com/@ATEEZofficial/videos,
WAVE,,https://www.youtube.com/watch?v=FIInyEWWW-s,
WAVE (Overture),,https://www.youtube.com/watch?v=BcA_p83ovAU,
WDIG (Where Do I Go),,https://www.youtube.com/watch?v=89ywGBL4mOo,
WE KNOW,,https://www.youtube.com/watch?v=910397KV1uE,
White love,,https://www.youtube.com/watch?v=8jWmtiB-FaE,
Why do you love,,https://www.youtube.com/@ATEEZofficial/videos,
WIN,,https://www.youtube.com/watch?v=I69VWIkhSVc,
Wind,,https://www.youtube.com/playlist?list=PLdia-XozoT0j6oQMA2AzNtn4ttmY7YEUp,
WITH U,,https://www.youtube.com/watch?v=ZI3IhKDq4Q4,
WONDERLAND,,https://www.youtube.com/watch?v=Z_BhMhZpAug,
WONDERLAND (Symphony No.9 From The Wonderland),,https://www.youtube.com/watch?v=J2x8Q-4Evwo,
WORK,,https://www.youtube.com/watch?v=VGnOpZhsPk4,
Youth (Yunho & Mingi),,https://www.youtube.com/watch?v=hWNudhMk6qs,
