"tier","nom"
"S","12 Midnight"
"S","A fairy tail of youth"
"S","All About You"
"S","Answer (Ode To Joy)"
"S","Ash"
"S","AUTOBAHN"
"S","Be alright"
"S","Be With You"
"S","Better (Korean Version)"
"S","Blind"
"S","Body"
"S","Bridge : The Edge of Reality"
"S","Castle"
"S","Choose"
"S","Creep"
"S","Crescent"
"S","Cyberpunk"
"S","Days"
"S","Dear Diary : 2016.07.29"
"S","Deja Vu"
"S","Diamond"
"S","Dinero"
"S","DJANGO"
"S","Don't Stop"
"S","Dreamers"
"S","Dreamy Day"
"S","DUNE"
"S","Emergency"
"S","Empty Box"
"S","End of the Beginning"
"S","Enough"
"S","Eternal Sunshine"
"S","Everything (Jongho)"
"S","FACE"
"S","Fallin'"
"A","Feeling Like I Do"
"A","FEVER"
"A","FIN : WILL"
"A","Fireworks (I'm The One)"
"A","Forevermore"
"A","From"
"A","Ghost"
"A","Golden Hour"
"A","Good Lil Boy"
"A","Gravity"
"A","Guerrilla"
"A","HALA HALA (Hearts Awakened, Live Alive)"
"A","HALAZIA"
"A","Horizon"
"A","Hush-Hush"
"A","Ice On My Teeth"
"A","If Without You"
"A","ILLUSION"
"A","In your fantasy"
"A","INCEPTION"
"A","Intro (Beyond : Zero)"
"A","Intro : Long Journey"
"A","Intro : Siren"
"A","IT's You (Yeosang, San & Wooyoung)"
"A","Legacy"
"A","Lemon Drop"
"A","Let's Get Together (Mimicus)"
"A","Light"
"A","Like That (Lookism)"
"A","Limitless"
"A","MAMACITA"
"A","Man on Fire"
"A","Masterpiece"
"A","MATZ (Hongjoong & Seonghwa)"
"B","Me Crazy (Sealook S2)"
"B","MIST"
"B","My Way"
"B","NASA"
"B","New World"
"B","NO1"
"B","NOT OKAY"
"B","Not Too Late"
"B","Nova"
"B","Now This House Ain't A Home"
"B","On my way to you"
"B","On the Road"
"B","One Day At A Time"
"B","Outlaw"
"B","Outro (Blue Bird)"
"B","Outro : Liberty"
"B","Outro : Long Journey"
"B","Outro : Over The Horizon"
"B","Paradigm"
"B","Perfect reason"
"B","Pirate King"
"B","Precious"
"B","Precious (Overture)"
"B","Promise"
"B","PROPAGANDA"
"B","Roar"
"B","Rocky (boxers ver.)"
"B","Royal"
"B","Sagittarius"
"B","Say My Name"
"B","Scene 1 : Value"
"B","Sector 1"
"B","Selfish Waltz"
"B","Shaboom"
"C","Silver Light"
"C","Siren"
"C","Skin"
"C","Slide to me"
"C","Snowflake"
"C","Spotlight"
"C","Star 1117"
"C","Stay"
"C","Still Here"
"C","Summer Taste"
"C","Sunrise"
"C","Take Me Home"
"C","THANK U"
"C","THANXX"
"C","The black cat nero"
"C","The King"
"C","The Leaders"
"C","The Letter"
"C","The Real (Heung Version)"
"C","The Ring"
"C","This World"
"C","Time Of Love"
"C","Tippy Toes"
"C","To be your light"
"C","TO THE BEAT"
"C","TOXIN"
"C","Treasure"
"C","Tunnel"
"C","Turbulence"
"C","Twilight"
"C","Untitled"
"C","UTOPIA"
"C","Waiting For You (Last Summer)"
"C","Wake Up"
"D","Walker A"
"D","WAVE"
"D","WAVE (Overture)"
"D","WDIG (Where Do I Go)"
"D","WE KNOW"
"D","White love"
"D","Why do you love"
"D","WIN"
"D","Wind"
"D","WITH U"
"D","WONDERLAND"
"D","WONDERLAND (Symphony No.9 From The Wonderland)"
"D","WORK"
"D","Youth (Yunho & Mingi)"
"D","A day"
"D","Adrenaline"
"D","Answer"
"D","Arriba"
"D","AURORA"
"D","BAD"
"D","Be my lover"
"D","Beginning of the End"
"D","Birthday"
"D","Blue Summer"
"D","BOUNCY (K-HOT CHILLI PEPPERS)"
"D","Call me anytime"
"D","Celebrate"
"D","Crazy Form"
"D","Crescendo"
"D","Crescent Part.2"
"D","Dancing Like Butterfly Wings"
"D","Dazzling Light"
"D","DEEP DIVE"
"D","Desire"